<?xml version="1.0" encoding="UTF-8"?>
<project-private xmlns="http://www.netbeans.org/ns/project-private/1">
    <editor-bookmarks xmlns="http://www.netbeans.org/ns/editor-bookmarks/2" lastBookmarkId="0"/>
    <open-files xmlns="http://www.netbeans.org/ns/projectui-open-files/2">
        <group>
            <file>file:/C:/Users/user/OneDrive/Documents/NetBeansProjects/MedicalCenter/src/Staff/ViewSalary.java</file>
            <file>file:/C:/Users/user/OneDrive/Documents/NetBeansProjects/MedicalCenter/src/Payment/paymentdetails.java</file>
            <file>file:/C:/Users/user/OneDrive/Documents/NetBeansProjects/MedicalCenter/src/Staff/StaffSalary.java</file>
            <file>file:/C:/Users/user/OneDrive/Documents/NetBeansProjects/MedicalCenter/src/Payment/Totalincome.java</file>
            <file>file:/C:/Users/user/OneDrive/Documents/NetBeansProjects/MedicalCenter/src/Payment/Viewpayment.java</file>
            <file>file:/C:/Users/user/OneDrive/Documents/NetBeansProjects/MedicalCenter/src/Staff/AddDoctor.java</file>
            <file>file:/C:/Users/user/OneDrive/Documents/NetBeansProjects/MedicalCenter/src/Lab/LabDetails.java</file>
            <file>file:/C:/Users/user/OneDrive/Documents/NetBeansProjects/MedicalCenter/src/Lab/Labisp.java</file>
            <file>file:/C:/Users/user/OneDrive/Documents/NetBeansProjects/MedicalCenter/src/Home/splashcons.java</file>
            <file>file:/C:/Users/user/OneDrive/Documents/NetBeansProjects/MedicalCenter/src/Reception/CreateAppointment.java</file>
            <file>file:/C:/Users/user/OneDrive/Documents/NetBeansProjects/MedicalCenter/src/Reception/drreception.java</file>
        </group>
    </open-files>
</project-private>
